{
  "input_tokens": 12831,
  "output_tokens": 2825,
  "total_tokens": 15656,
  "input_cost": 0.0012831000000000001,
  "output_cost": 0.00113,
  "total_cost": 0.0024131,
  "model": "gemini-2.0-flash",
  "max_output_tokens": 8000,
  "prompt_chars": 55620,
  "response_chars": 11156,
  "timestamp": "2026-01-25T18:32:23.479137",
  "pricing": {
    "input_per_1m": 0.1,
    "output_per_1m": 0.4
  }
}