{
  "input_tokens": 12389,
  "output_tokens": 3219,
  "total_tokens": 15608,
  "input_cost": 0.0012389000000000002,
  "output_cost": 0.0012876,
  "total_cost": 0.0025265,
  "model": "gemini-2.0-flash",
  "max_output_tokens": 8000,
  "prompt_chars": 55754,
  "response_chars": 13375,
  "timestamp": "2026-01-25T12:40:37.762715",
  "pricing": {
    "input_per_1m": 0.1,
    "output_per_1m": 0.4
  }
}