{
  "input_tokens": 13597,
  "output_tokens": 3337,
  "total_tokens": 16934,
  "input_cost": 0.0013597000000000001,
  "output_cost": 0.0013348000000000001,
  "total_cost": 0.0026945000000000003,
  "model": "gemini-2.0-flash",
  "max_output_tokens": 8000,
  "prompt_chars": 60372,
  "response_chars": 14099,
  "timestamp": "2026-01-25T17:39:33.463999",
  "pricing": {
    "input_per_1m": 0.1,
    "output_per_1m": 0.4
  }
}