{
  "input_tokens": 12446,
  "output_tokens": 3350,
  "total_tokens": 15796,
  "input_cost": 0.0012446000000000002,
  "output_cost": 0.00134,
  "total_cost": 0.0025846000000000003,
  "model": "gemini-2.0-flash",
  "max_output_tokens": 8000,
  "prompt_chars": 55689,
  "response_chars": 14167,
  "timestamp": "2026-01-25T17:39:53.549336",
  "pricing": {
    "input_per_1m": 0.1,
    "output_per_1m": 0.4
  }
}