{
  "input_tokens": 12553,
  "output_tokens": 3769,
  "total_tokens": 16322,
  "input_cost": 0.0012553,
  "output_cost": 0.0015076000000000002,
  "total_cost": 0.0027629000000000004,
  "model": "gemini-2.0-flash",
  "max_output_tokens": 8000,
  "prompt_chars": 55693,
  "response_chars": 15976,
  "timestamp": "2026-01-25T18:10:56.561609",
  "pricing": {
    "input_per_1m": 0.1,
    "output_per_1m": 0.4
  }
}