{
  "input_tokens": 12531,
  "output_tokens": 3512,
  "total_tokens": 16043,
  "input_cost": 0.0012531,
  "output_cost": 0.0014048,
  "total_cost": 0.0026579000000000004,
  "model": "gemini-2.0-flash",
  "max_output_tokens": 8000,
  "prompt_chars": 55688,
  "response_chars": 14688,
  "timestamp": "2026-01-25T18:39:41.718087",
  "pricing": {
    "input_per_1m": 0.1,
    "output_per_1m": 0.4
  }
}