{
  "input_tokens": 13677,
  "output_tokens": 3737,
  "total_tokens": 17414,
  "input_cost": 0.0013677000000000001,
  "output_cost": 0.0014948000000000001,
  "total_cost": 0.0028625000000000005,
  "model": "gemini-2.0-flash",
  "max_output_tokens": 8000,
  "prompt_chars": 60372,
  "response_chars": 15747,
  "timestamp": "2026-01-25T12:40:01.654672",
  "pricing": {
    "input_per_1m": 0.1,
    "output_per_1m": 0.4
  }
}